Sentiment,Percentage
NEGATIVE,70.6145251396648
NEUTRAL,25.335195530726256
POSITIVE,4.050279329608938
